ランク,繋がり保有者,会社名,HP,担当氏名,担当者役職,従業員数,事業内容,連絡手段
B,松田,株式会社三虎データサイエンス,https://mitradata.jp/,近松,代表,,AI,
B,松田,株式会社キューシード,https://www.qseed.co.jp/,坪野谷　亨,代表,,,
B,松田,株式会社Cominka,http://cominka.co.jp,白木,代表,,,
B,松田,株式会社AI INNOVATION,https://aiinnovation.jp/,遠藤,,,,
B,松田,株式会社CONNECTA,https://connecta.co.jp/,久保,,,,
B,松田,グレイテストタレンツ株式会社,https://greatesttalents.jp/,今村仁,,,,
B,松田,株式会社BLUESTOKE,https://bluestoke.jp/,青木,,,,
B,松田,株式会社サイコーポレーション,https://www.sai-corp.net/,青木,,,,
B,松田,株式会社VIE HUIT,https://viehuit.com/,久保田,,,,
B,松田,株式会社Bestimulate,http://www.bestimulateco.com/,守谷,,,,
B,松田,"株式会社Re,S",https://www.re-resolve.co.jp/,文野,,,,
B,松田,株式会社イマイソ,https://imaiso.net/,正岡,,,,
B,松田,株式会社パンタグラフ,https://pantograph-fuk.com/,中谷,,,,
B,松田,合同会社FOOLION,https://foolishlion.net/,トレンド,,,,
C,棗,レバレジーズ株式会社,https://leverages.jp/,岩槻,代表,4000.0,コンサル、人材、IT,
A,棗,株式会社オーダースーツSADA,https://www.ordersuit.info/,佐田,代表,300.0,オーダースーツ,
C,棗,株式会社TryHard Japan,https://tryhard.me/,大付,代表,500.0,ナイトクラブ、イベント,
C,棗,株式会社クラウドエヌ,https://cloudn.co.jp/,西山,代表,750.0,相席屋,
C,棗,株式会社ウィルゲート,https://www.willgate.co.jp/company/,吉岡,専務取締役,140.0,M&A,
A,棗,株式会社ユニックス,https://unix-k.com/about/greeting/,大貝,代表,100.0,,
C,棗,SHOWROOM株式会社,https://showroom.co.jp/,前田,代表,122.0,ライブ配信事業,
C,棗,株式会社MIELHIME,https://mielhime.com,竹之内更紗,代表,30.0,営業代行,
C,棗,株式会社エグゼクティブサーチファーム,https://esf.co.jp/about,渡邊,代表,,人材紹介,FB
S,棗,REVA GROUP,,田島,代表,20.0,営業代行、催事,
B,棗,株式会社QUIRIO,https://quirio.jp/,岡田,代表,1.0,不動産SaaS、動画制作,
A,棗,NEXIAR,,森本啓太,代表,20.0,営業代行,
S,棗,株式会社ViZZ,,稲井美結,代表,15.0,人材事業、イベント、AI,
S,棗,株式会社Salesaurus,https://sales-saurus.com/,峠大輝,代表,,,
S,棗,株式会社セールスコムズ,https://www.salescomms.com/,牧野貴宏,代表,3.0,営業代行サービス,メッセンジャー
A,棗,株式会社ファンキャリア,,奥山,代表,,,
A,棗,バジェットアドテクノロジーズ,,海野,代表,,,
A,棗,不明,,山中,代表,,,
A,棗,株式会社TUM,https://tum.vc/about/,古塚,代表,,イベント、人材,
A,棗,株式会社REIMEI,https://reimei-corp-rho.vercel.app/,蛭田,代表,,,
S,棗,FAXET,,関根,代表,,,
A,棗,頂,,高田,代表,,,
B,棗,株式会社コホマダ,https://kohomadha.com/,高松,代表,,,LINE
B,棗,ag,,近藤,代表,,,LINE
A,棗,メディカルONE株式会社,https://medicalone.co.jp/,須永,代表,,,LINE
S,棗,株式会社PLATINUM INTERACTION,https://platinuminteraction-co.com/,平澤宏一郎,執行役員,8.0,マーケティング支援・広告運用/SNS運用支援,LINE
S,棗,株式会社Pole Position,https://www.polepositions.jp/,河内友希,代表,10.0,AI受託開発,LINE
A,棗,ぱんどら株式会社,https://pandora-logi.co.jp/,香西優,代表,,EC物流コンサルティング、フルフィルメント／EC物流代行,メッセンジャー
A,棗,株式会社ゼロワン,https://www.50cc-station.org/,千葉拓,代表,2.0,原付レンタルサービス,LINE
A,棗,株式会社RicoMee,https://rico-mee.com/,下条悠乃,執行役員,2.0,化粧品販売、卸,メッセンジャー
A,棗,株式会社meeting technology,https://meetingtechnology.co.jp/,長尾ヘンリー,代表,8.0,マッチングプラットフォーム提供,メッセンジャー
A,棗,アガワ・ハイテックソリューションズ株式会社,,阿川丈生,代表,3.0,モノづくりのソリューションサービス事業,メッセンジャー
A,棗,株式会社Next Leap,https://nextleap.studio.site,川瀨友希,代表,1.0,学生長期インターンのマッチングサービス、ビジネスAIスキルセミナーの企画運営,LINE
S,田中,株式会社がくまるくん,https://gakumarukun.jp/,小林佳徳,代表,2.0,教育関連コンサルティング,メッセンジャー
B,田中,人事と経理株式会社,,中村和広,代表,1.0,経営コンサルティング業,LINE
B,田中,株式会社Webライタープロ,https://webwriter-pro.co.jp/,藤倉大地,代表,3.0,Webマーケティング/不動産仲介/サロン,LINE
S,田中,株式会社ベイサイト,https://baysite.co.jp/,早川智博,代表,3.0,Web制作、システム開発、営業支援、スクール事業,メッセンジャー
A,松田,株式会社オニカナ,https://onicana.com/,中村雄紀,執行役員,31（業務委託含む）,トスアップ（商談創出）支援、BtoBグロース支援,メッセンジャー
A,棗,株式会社センサー,https://sensor-inc.jp/,吉田亮,代表,1.0,web広告の代理店,メッセンジャー
A,棗,株式会社Lupinus,https://lupinusinc.co.jp/company/,金子雄哉,執行役員,4.0,動画特化型の人材紹介,メッセンジャー
A,松田,合同会社よしなに,https://yosinani.com/,矢口岳史,代表,1.0,トスアップ支援/開発支援,メッセンジャー
A,棗,Novan株式会社,https://novan.co.jp/,池内大翔,代表,5.0,AI系の開発,LINE
A,棗,株式会社グロースパイロット,https://growthpilot.jp/,中山勇太郎,代表,10.0,HubSpot導入活用支援,LINE
S,田中,株式会社C.C,https://cc-official.jp/,石井嵩大,代表,6.0,BPaaS、システム開発,LINE
