No.,会社名（リスト）,セールスハブ登録名,登録所在地,役職,部署
1,株式会社セレンディップ,株式会社セレンディップ,兵庫県川西市,一般社員,人事部
2,株式会社be,株式会社be,埼玉県さいたま市南区,一般社員,人事部
3,DesignFuture Japan株式会社,DesignFuture Japan株式会社,東京都港区,一般社員,人事部
4,株式会社アッカ・インターナショナル,株式会社アッカ・インターナショナル,東京都港区,課長クラス,人事部
5,株式会社ラグザイア,株式会社ラグザイア,東京都町田市,一般社員,人事部
6,株式会社PDCAの学校,株式会社PDCAの学校,東京都品川区,一般社員,人事部
7,株式会社COMON CENTER,株式会社COMON CENTER,東京都千代田区,代表取締役,代表取締役
8,株式会社エスプール,株式会社エスプール,東京都千代田区,課長クラス,人事部
9,株式会社キカガク,株式会社キカガク,東京都渋谷区,部長クラス,人事部
10,スターマイン株式会社,スターマイン株式会社,東京都千代田区,部長クラス,人事部
11,HEROZ株式会社,HEROZ株式会社,東京都港区,一般社員,新規事業部
12,アデコ株式会社LHH Japan,アデコ株式会社,東京都千代田区,部長クラス,人事部
13,株式会社XAION DATA,株式会社XAION DATA,東京都渋谷区,一般社員,人事部
14,株式会社Enjin,株式会社Enjin,東京都中央区,課長クラス,人事部
15,ゾーン株式会社,ゾーン株式会社,神奈川県横浜市港北区,部長クラス,営業部
16,株式会社リーディングマーク,株式会社リーディングマーク,東京都港区,一般社員,人事部
17,アルファレグルス合同会社,アルファレグルス合同会社,北海道旭川市,役員・取締役クラス,人事部
18,株式会社FiTNESS UNIVERSITY,株式会社FiTNESS UNIVERSITY,大阪府大阪市中央区,部長クラス,新規事業部
19,株式会社サング,株式会社サング,東京都港区,課長クラス,人事部
20,SATORI株式会社,SATORI株式会社,東京都渋谷区,課長クラス,人事部
21,株式会社メドレー,株式会社メドレー,東京都港区,一般社員,人事部
22,株式会社SPIRITS,株式会社SPIRITS,東京都渋谷区,一般社員,人事部
23,株式会社CTF GROUP,株式会社CTF GROUP,東京都港区,課長クラス,人事部
24,株式会社アドインテ,株式会社アドインテ,京都府京都市下京区,部長クラス,人事部
25,株式会社Light,株式会社Light,東京都港区,役員・取締役クラス,人事部
26,株式会社LIFE SOUND,株式会社LIFE SOUND,東京都台東区,代表取締役,代表取締役
27,株式会社ワンダーランド,株式会社ワンダーランド,愛知県日進市,課長クラス,人事部
28,株式会社CENTER,株式会社CENTER,東京都港区,役員・取締役クラス,人事部
29,株式会社アップル,株式会社アップル,東京都港区,部長クラス,社長室・経営企画
30,株式会社Reivy,株式会社Reivy,東京都渋谷区,代表取締役,代表取締役
31,株式会社NOVEL REPUBLIC,株式会社NOVEL REPUBLIC,東京都渋谷区,部長クラス,人事部
32,ワイズトレーディング株式会社,ワイズトレーディング株式会社,愛知県名古屋市熱田区,一般社員,人事部
33,レニス株式会社,レニス株式会社,東京都港区,部長クラス,人事部
34,株式会社エヌイチ,株式会社エヌイチ,東京都新宿区,役員・取締役クラス,人事部
35,株式会社サイバー・バズ,株式会社サイバー・バズ,東京都渋谷区,課長クラス,人事部
36,CityCamp株式会社,CityCamp株式会社,東京都渋谷区,役員・取締役クラス,人事部
37,株式会社トーコー,株式会社トーコー,大阪府枚方市,役員・取締役クラス,社長室・経営企画
38,株式会社フォーピープル,株式会社フォーピープル,東京都渋谷区,一般社員,人事部
39,株式会社Progate,株式会社Progate,東京都渋谷区,部長クラス,人事部
40,Terra Charge株式会社,Terra Charge株式会社,東京都港区,部長クラス,人事部
41,F&P Japan株式会社,F&Pジャパン株式会社,東京都台東区,課長クラス,新規事業部
42,h2rconsulting株式会社,H2Rコンサルティング株式会社,東京都港区,部長クラス,新規事業部
43,株式会社インプル,株式会社インプル,北海道札幌市中央区,部長クラス,人事部
44,株式会社ブルズ,株式会社ブルズ,東京都港区,部長クラス,新規事業部
45,株式会社オーダースーツSADA,株式会社オーダースーツSADA,東京都千代田区,代表取締役,代表取締役
46,リタ・マークス株式会社,リタ・マークス株式会社,大阪府大阪市北区,部長クラス,社長室・経営企画
47,株式会社C.C,株式会社C.C,東京都港区,代表取締役,代表取締役
48,株式会社インスパイア,株式会社インスパイア,東京都豊島区,課長クラス,人事部
49,株式会社GENOVA,株式会社GENOVA,東京都渋谷区,一般社員,人事部
50,株式会社イメージ・マジック,株式会社イメージ・マジック,東京都文京区,一般社員,人事部
51,カネ美食品株式会社,カネ美食品株式会社,愛知県名古屋市緑区,部長クラス,人事部
52,株式会社beberise,株式会社beberise,東京都港区,代表取締役,代表取締役
53,HASHIRA合同会社,柱合同会社,兵庫県芦屋市,代表取締役,代表取締役
54,合同会社LOGIKA,合同会社Logika,大阪府大阪市北区,代表取締役,代表取締役
55,株式会社ホワイテック,株式会社ホワイテック,大阪府大阪市阿倍野区,代表取締役,代表取締役
56,ネクストバディ株式会社,ネクストバディ株式会社,大阪府大阪市北区,代表取締役,代表取締役
57,Give&Happy合同会社,Give&Happy合同会社,大阪府大阪市住吉区,代表取締役,代表取締役
58,合同会社ナオアンドパートナーズ,合同会社ナオアンドパートナーズ,東京都目黒区,代表取締役,代表取締役
59,合同会社エムオーソリューション,合同会社エムオーソリューション,埼玉県三郷市,代表取締役,代表取締役
60,株式会社and,株式会社and,東京都千代田区,代表取締役,代表取締役
61,株式会社DreamAccelerator,株式会社Dream Accelerator,兵庫県明石市,代表取締役,代表取締役
63,Guild Master株式会社,Guild Master株式会社,東京都渋谷区,代表取締役,代表取締役
64,株式会社B.L.D,株式会社B.L.D,大阪府大阪市都島区,代表取締役,代表取締役
65,株式会社ねこにまたたび,BEERACLE株式会社,岩手県盛岡市,代表取締役,代表取締役
66,株式会社m&i,株式会社M&I,東京都渋谷区,代表取締役,代表取締役
67,株式会社KuRock,株式会社KuRock,兵庫県神戸市東灘区,代表取締役,代表取締役
68,裏方ハック株式会社,裏方ハック株式会社,大阪府大阪市中央区,代表取締役,代表取締役
69,TOLICO株式会社,TOLICO株式会社,東京都江東区,代表取締役,代表取締役
70,株式会社エムトーン,株式会社エムトーン,兵庫県加西市,代表取締役,代表取締役
71,株式会社AiLiNK,株式会社AiLiNK,東京都港区,代表取締役,代表取締役
72,株式会社サルわか,株式会社サルわか,東京都豊島区,代表取締役,代表取締役
73,マナコンサルティング合同会社,マナコンサルティング合同会社,大阪府大阪市北区,代表取締役,代表取締役
74,Kstyle株式会社,Kstyle株式会社,京都府京都市中京区,代表取締役,代表取締役
75,株式会社LulianAgency,株式会社LulianAgency,福岡県福岡市博多区,代表取締役,代表取締役
76,株式会社Tokyo村,株式会社Tokyo村,東京都世田谷区,代表取締役,代表取締役
77,株式会社Leit On,株式会社Leit On,静岡県浜松市中央区,代表取締役,代表取締役
79,合同会社スターズ,合同会社スターズ,神奈川県横浜市鶴見区,代表取締役,代表取締役
80,株式会社SMT,株式会社SMT,東京都台東区,代表取締役,代表取締役
81,未来来来株式会社,未来来来株式会社,東京都港区,代表取締役,代表取締役
82,株式会社フィロス,株式会社フィロス,東京都大田区,代表取締役,代表取締役
83,株式会社健康グループ,株式会社健康グループ,大阪府東大阪市,代表取締役,代表取締役
84,株式会社IT経営総合研究所,株式会社IT経営総合研究所,岐阜県海津市,代表取締役,代表取締役
85,株式会社CULTIA,株式会社CULTIA,大阪府大阪市北区,代表取締役,代表取締役
86,株式会社tidy.shin,株式会社tidy.shin,千葉県松戸市,代表取締役,代表取締役
87,株式会社ONE HEART,株式会社ONE HEART,和歌山県和歌山市,代表取締役,代表取締役
88,株式会社カレカノ,株式会社カレカノ,東京都台東区,代表取締役,代表取締役
89,株式会社めんたいバース企画,株式会社めんたいバース企画,福岡県福岡市博多区,代表取締役,代表取締役
90,株式会社SUN,株式会社SUN,東京都品川区,代表取締役,代表取締役
91,AIサポーターズ株式会社,AIサポーターズ株式会社,大阪府大阪市中央区,代表取締役,代表取締役
92,司法書士法人くらしな事務所,司法書士法人くらしな事務所,長崎県東彼杵郡波佐見町,代表取締役,代表取締役
93,株式会社HAPILY,株式会社HAPILY,東京都江東区,代表取締役,代表取締役
94,経営診断株式会社,経営診断株式会社,神奈川県鎌倉市,代表取締役,代表取締役
95,株式会社ミィ,株式会社ミィ,東京都新宿区,代表取締役,代表取締役
96,株式会社NEWWEST,株式会社NewWest,東京都渋谷区,代表取締役,代表取締役
97,株式会社Tryvo,Tryvo株式会社,東京都世田谷区,代表取締役,代表取締役
98,株式会社ダブルアップ,株式会社ダブルアップ,大阪府寝屋川市,代表取締役,代表取締役
99,株式会社ハマ企画,株式会社ハマ企画,神奈川県横浜市西区,代表取締役,代表取締役
100,Tonalyca株式会社,Tonalyca株式会社,宮城県仙台市青葉区,代表取締役,代表取締役
101,合同会社リメイク,合同会社リメイク,石川県河北郡津幡町,代表取締役,代表取締役
102,株式会社JIRITA,株式会社JIRITA,大阪府大阪市北区,代表取締役,代表取締役
103,SmartEngine合同会社,SmartEngine合同会社,神奈川県横浜市西区,代表取締役,代表取締役
104,有限会社豊徳技建,有限会社豊徳技建,愛知県豊橋市,代表取締役,代表取締役
105,ABFLYWorks株式会社,ABFLY Works株式会社,東京都渋谷区,代表取締役,代表取締役
106,株式会社CGate,株式会社CGate,大阪府大阪市西区,代表取締役,代表取締役
107,合同会社日立貿易,合同会社日立貿易,東京都中央区,代表取締役,代表取締役
108,株式会社リードパス,株式会社リードパス,東京都中央区,代表取締役,代表取締役
109,株式会社アルトルイズム,株式会社Altruism,埼玉県川口市,代表取締役,代表取締役
110,中川産業株式会社,中川産業株式会社,石川県小松市,代表取締役,代表取締役
111,Wu合同会社,Wu合同会社,東京都新宿区,代表取締役,代表取締役
112,株式会社a-next innovation,株式会社A-Next Innovation,大阪府河内長野市,代表取締役,代表取締役
113,株式会社AI Builder,株式会社AI builder,東京都渋谷区,代表取締役,代表取締役
114,株式会社日本総険トラストテクノロジーズ,株式会社日本総険トラストテクノロジーズ,香川県高松市,代表取締役,代表取締役
115,Milk.株式会社,Milk.株式会社,東京都港区,代表取締役,代表取締役
116,株式会社グロウバレー,株式会社グロウバレー,埼玉県熊谷市,代表取締役,代表取締役
117,株式会社And Innovation Engineering,株式会社And Innovation Engineering,東京都新宿区,代表取締役,代表取締役
118,ZeamiCyberSecurity株式会社,ZeamiCyberSecurity株式会社,東京都千代田区,代表取締役,代表取締役
119,株式会社ビルドオン,株式会社ビルドオン,東京都練馬区,代表取締役,代表取締役
120,株式会社Vuetech,株式会社Vuetech,東京都新宿区,代表取締役,代表取締役
121,Specdest株式会社,Specdest株式会社,東京都港区,代表取締役,代表取締役
122,株式会社廣瀬防水,株式会社廣瀬防水,東京都あきる野市,代表取締役,代表取締役
123,株式会社ピーエックスディー,株式会社ピーエックスディ,東京都中央区,代表取締役,代表取締役
124,リブラ株式会社,リブラ株式会社,福岡県福岡市中央区,代表取締役,代表取締役
125,株式会社オフィスエム,株式会社オフィスエム,東京都文京区,代表取締役,代表取締役
126,Polish株式会社,Polish株式会社,東京都豊島区,代表取締役,代表取締役
127,株式会社ネヴルス,株式会社ネヴルス,東京都渋谷区,役員・取締役クラス,役員・取締役
128,株式会社Culture Generation Japan,株式会社Culture Generation Japan,東京都中央区,代表取締役,代表取締役
129,合同会社おかち,合同会社おかち,東京都台東区,代表取締役,代表取締役
130,株式会社インプレス,株式会社インプレス,京都府京都市中京区,代表取締役,代表取締役
131,株式会社空,株式会社空,東京都港区,代表取締役,代表取締役
132,株式会社Wonder Works,株式会社Wonder Works,東京都渋谷区,代表取締役,代表取締役
133,株式会社harc,株式会社harc,福岡県福岡市中央区,代表取締役,代表取締役
134,株式会社PUZZLE,株式会社PUZZLE,東京都渋谷区,役員・取締役クラス,役員・取締役
135,THIRD株式会社,3rd株式会社,東京都渋谷区,役員・取締役クラス,役員・取締役
136,株式会社NOAH,株式会社NOAH,東京都立川市,代表取締役,代表取締役
137,株式会社澤田棉行,株式会社澤田棉行,兵庫県姫路市,代表取締役,代表取締役
138,藤本建設株式会社,藤本建設株式会社,愛知県豊田市,代表取締役,代表取締役
139,株式会社BizGrows（株式会社renkan）,株式会社renkan,東京都千代田区,役員・取締役クラス,役員・取締役
140,株式会社泰山堂,株式会社泰山堂,広島県福山市,代表取締役,代表取締役
142,株式会社STA,株式会社STA,埼玉県八潮市,代表取締役,代表取締役
143,株式会社エンジン,株式会社エンジン,東京都墨田区,代表取締役,代表取締役
144,株式会社ゼロワン,株式会社ゼロワン,東京都豊島区,代表取締役,代表取締役
145,株式会社RicoMee,株式会社RicoMee,茨城県水戸市,役員・取締役クラス,役員・取締役
146,株式会社meeting technology,株式会社meeting technology,東京都渋谷区,代表取締役,代表取締役
147,アガワ・ハイテックソリューションズ株式会社,アガワ・ハイテックソリューションズ株式会社,福岡県福岡市中央区,代表取締役,代表取締役
148,株式会社Next Leap,株式会社Next Leap,兵庫県芦屋市,代表取締役,代表取締役
149,株式会社PLATINUM INTERACTION,株式会社PLATINUM INTERACTION,東京都品川区,役員・取締役クラス,役員・取締役
150,株式会社がくまるくん,株式会社がくまるくん,東京都渋谷区,代表取締役,代表取締役
151,人事と経理株式会社,人事と経理株式会社,東京都渋谷区,代表取締役,代表取締役
152,株式会社Webライタープロ,株式会社Webライタープロ,東京都目黒区,代表取締役,代表取締役
153,株式会社セールスコムズ,株式会社セールスコムズ,東京都渋谷区,代表取締役,代表取締役
154,株式会社ベイサイト,株式会社ベイサイト,神奈川県横浜市西区,代表取締役,代表取締役
155,ぱんどら株式会社,ぱんどら株式会社,東京都港区,代表取締役,代表取締役
156,株式会社オニカナ,株式会社オニカナ,東京都港区,役員・取締役クラス,役員・取締役
157,株式会社センサー,株式会社センサー,東京都渋谷区,代表取締役,代表取締役
158,株式会社Pole Position,株式会社Pole Position,東京都品川区,代表取締役,代表取締役
160,合同会社よしなに,合同会社よしなに,東京都新宿区,代表取締役,代表取締役
161,Novan株式会社,Novan株式会社,東京都渋谷区,代表取締役,代表取締役
162,株式会社グロースパイロット,株式会社グロースパイロット,埼玉県所沢市,代表取締役,代表取締役
163,株式会社ViZZ,株式会社ViZZ,東京都港区,代表取締役,代表取締役
